<keymap version="1" name="Shival Linux/Windows" parent="$default">
  <action id="$LRU">
    <keyboard-shortcut first-keystroke="alt r" />
  </action>
  <action id="ActivateCommitToolWindow">
    <keyboard-shortcut first-keystroke="alt 0" />
    <keyboard-shortcut first-keystroke="alt 3" />
  </action>
  <action id="ActivateFindToolWindow" />
  <action id="CloseAllEditors">
    <keyboard-shortcut first-keystroke="alt k" second-keystroke="alt w" />
  </action>
  <action id="CloseContent">
    <keyboard-shortcut first-keystroke="ctrl f4" />
    <keyboard-shortcut first-keystroke="alt w" />
  </action>
  <action id="Editor LRU">
    <keyboard-shortcut first-keystroke="alt r" />
  </action>
  <action id="EditorDuplicate" />
  <action id="EditorDuplicateLines">
    <keyboard-shortcut first-keystroke="ctrl d" />
  </action>
  <action id="EditorSelectSingleLineAtCaret">
    <keyboard-shortcut first-keystroke="alt l" />
  </action>
  <action id="EditorToggleColumnMode">
    <keyboard-shortcut first-keystroke="shift alt insert" />
    <keyboard-shortcut first-keystroke="alt i" />
  </action>
  <action id="Exit">
    <keyboard-shortcut first-keystroke="shift ctrl q" />
  </action>
  <action id="IntentionActionAsAction_com.intellij.openapi.editor.actions.lists.SplitLineIntention">
    <keyboard-shortcut first-keystroke="shift ctrl g" />
  </action>
  <action id="LocalHistory.ShowHistory">
    <keyboard-shortcut first-keystroke="alt h" />
  </action>
  <action id="NewDir">
    <keyboard-shortcut first-keystroke="alt d" />
  </action>
  <action id="NewFile">
    <keyboard-shortcut first-keystroke="ctrl f9" />
    <keyboard-shortcut first-keystroke="alt n" />
  </action>
  <action id="NextSplitter">
    <keyboard-shortcut first-keystroke="alt equals" />
  </action>
  <action id="OpenFile">
    <keyboard-shortcut first-keystroke="alt k" second-keystroke="alt o" />
  </action>
  <action id="PX2RWDWithLineID">
    <keyboard-shortcut first-keystroke="alt d" />
    <keyboard-shortcut first-keystroke="alt z" />
  </action>
  <action id="PasteMultiple">
    <keyboard-shortcut first-keystroke="shift ctrl v" />
    <keyboard-shortcut first-keystroke="shift ctrl insert" />
    <keyboard-shortcut first-keystroke="alt v" />
  </action>
  <action id="PrevSplitter">
    <keyboard-shortcut first-keystroke="alt minus" />
  </action>
  <action id="RecentFiles">
    <keyboard-shortcut first-keystroke="ctrl e" />
    <keyboard-shortcut first-keystroke="shift alt e" />
  </action>
  <action id="RecentLocations">
    <keyboard-shortcut first-keystroke="shift ctrl e" />
    <keyboard-shortcut first-keystroke="alt e" />
  </action>
  <action id="ReopenClosedTab">
    <keyboard-shortcut first-keystroke="alt t" />
  </action>
  <action id="SelectAllOccurrences">
    <keyboard-shortcut first-keystroke="shift ctrl alt j" />
    <keyboard-shortcut first-keystroke="alt a" second-keystroke="alt j" />
  </action>
  <action id="SplitVertically">
    <keyboard-shortcut first-keystroke="alt k" second-keystroke="alt l" />
  </action>
  <action id="SurroundWithLiveTemplate">
    <keyboard-shortcut first-keystroke="ctrl alt j" />
    <keyboard-shortcut first-keystroke="alt a" second-keystroke="alt w" />
  </action>
  <action id="Terminal.SplitVertically">
    <keyboard-shortcut first-keystroke="shift alt 0" />
  </action>
  <action id="ToggleFullScreen">
    <keyboard-shortcut first-keystroke="shift alt f11" />
  </action>
  <action id="Vcs.ShowTabbedFileHistory">
    <keyboard-shortcut first-keystroke="shift alt h" />
  </action>
  <action id="angularCliGenerate">
    <keyboard-shortcut first-keystroke="alt k" second-keystroke="alt n" />
  </action>
  <action id="org.igu.plugins.consolelog.DeleteAllLogMessagesAction">
    <keyboard-shortcut first-keystroke="shift alt 7" />
  </action>
  <action id="org.lso.logit.addLog">
    <keyboard-shortcut first-keystroke="alt l" />
    <keyboard-shortcut first-keystroke="alt c" />
  </action>
</keymap>