<application>
  <component name="CodeInsightSettings">
    <option name="SHOW_FULL_SIGNATURES_IN_PARAMETER_INFO" value="true" />
  </component>
  <component name="CodeVisionSettings">
    <option name="codeVisionGroupToPosition">
      <map>
        <entry key="inheritors" value="Default" />
        <entry key="references" value="Default" />
        <entry key="vcs.code.vision" value="Default" />
      </map>
    </option>
    <option name="disabledCodeVisionProviderIds">
      <set>
        <option value="inheritors" />
      </set>
    </option>
    <option name="enabled" value="false" />
  </component>
  <component name="DeclarativeInlayHintsSettings">
    <option name="disabledOptions">
      <set>
        <option value="js.type.hints#function.returns" />
        <option value="js.type.hints#non.paren.single.param" />
        <option value="js.type.hints#parameters.in.parens" />
        <option value="js.type.hints#variables.and.fields" />
        <option value="ts.type.hints#function.returns" />
        <option value="ts.type.hints#non.paren.single.param" />
        <option value="ts.type.hints#parameters.in.parens" />
        <option value="ts.type.hints#variables.and.fields" />
      </set>
    </option>
    <option name="providerIdToEnabled">
      <map>
        <entry key="js.chain.hints" value="false" />
        <entry key="js.type.hints" value="false" />
        <entry key="ts.chain.hints" value="false" />
        <entry key="ts.enum.hints" value="false" />
        <entry key="ts.type.hints" value="false" />
      </map>
    </option>
  </component>
  <component name="EditorSettings">
    <option name="USE_EDITOR_FONT_IN_INLAYS" value="true" />
    <option name="IS_WHEEL_FONTCHANGE_ENABLED" value="true" />
  </component>
  <component name="InlayHintsSettings">
    <option name="disabledHintProviderIds">
      <set>
        <option value="Dockerfile.docker.inlay.hints" />
        <option value="Markdown.MarkdownTableInlayProviderSettingsKey" />
      </set>
    </option>
    <option name="lastViewedProviderKeyId" value="" />
    <settingsMapElement>
      <JavaScript.js.type.hints>
        <Settings>
          <option name="showForFunctions" value="true" />
          <option name="showForInferredParameters" value="false" />
        </Settings>
      </JavaScript.js.type.hints>
      <TypeScript.ts.type.hints>
        <Settings>
          <option name="showForFunctions" value="true" />
          <option name="showForInferredParameters" value="false" />
        </Settings>
      </TypeScript.ts.type.hints>
    </settingsMapElement>
  </component>
  <component name="TodoConfiguration">
    <pattern pattern="\btodo\b.*" />
    <pattern pattern="\bfixme\b.*" />
  </component>
  <component name="XmlEditorOptions">
    <option name="showCssInlineColorPreview" value="true" />
  </component>
</application>