<application>
  <component name="FindSettings">
    <option name="caseSensitive" value="true" />
    <option name="customScope" value="All Places" />
    <option name="defaultScopeName" value="All Places" />
    <option name="localWholeWordsOnly" value="true" />
    <option name="regularExpressions" value="true" />
    <option name="wholeWordsOnly" value="true" />
    <option name="CASE_SENSITIVE_SEARCH" value="true" />
    <option name="WHOLE_WORDS_ONLY" value="true" />
    <option name="LOCAL_WHOLE_WORDS_ONLY" value="true" />
    <option name="REGULAR_EXPRESSIONS" value="true" />
    <option name="SEARCH_SCOPE" value="All Places" />
    <mask>*.xml</mask>
    <mask>*.css</mask>
    <mask>*.htm</mask>
    <mask>*.sht</mask>
    <mask>*.shtm</mask>
    <mask>*.ng</mask>
    <mask>*.shtml</mask>
    <mask>*.mts</mask>
    <mask>*.ats</mask>
    <mask>*.cts</mask>
    <mask>*.ts</mask>
    <mask>*.cjs</mask>
    <mask>*.js</mask>
    <mask>*.html</mask>
  </component>
</application>