<application>
  <component name="ParameterNameHintsSettings">
    <blacklists>
      <blacklist language="TypeScript">
        <added pattern="Observable.pipe(op1,op2)" />
        <added pattern="Observable.pipe(op1,op2,op3)" />
      </blacklist>
    </blacklists>
    <option id="js.only.show.names.for.tagged" value="false" />
    <option id="vuejs.show.names.for.all.args" value="true" />
    <option id="js.only.show.names.for.pipes" value="false" />
    <option id="js.param.hints.show.names.for.tagged" value="false" />
    <option id="angular.show.names.for.pipes" value="false" />
    <disabledLanguages>
      <language id="TypeScript" />
      <language id="Angular2Html" />
      <language id="JavaScript" />
    </disabledLanguages>
  </component>
</application>